Company Name,Head Line,Published Date,Date,Sentiment Analysis,Chatgpt 3.5,Predictions,,Stock dated one day after ,Stock dated after hold period ,Stock rate (one day after),Stock rate (after hold period),Net profit or loss,sentiment analysis score 
RELIANCE INDUSTRIES LTD.,Reliance: Reliance Industries to sell additional stake in retail arm,2023-08-25,2023-08-25,0,TRUE,"UNKNOWN

The impact on Reliance Industries' stock price in the short term will depend on various factors, including the size of the stake being sold, the terms of the sale, and market conditions.

5 (Neutral)",,,,,,,NA
RELIANCE INDUSTRIES LTD.,"Reliance announces completion of Radisys-Mimosa acquisition, aims to boost Jio's 5G rollout",2023-08-12,2023-08-12,1,TRUE,"
YES

Hold the stocks for 30 days.

This headline is generally good for the stock price of Reliance Industries as it signals their commitment to advancing their 5G rollout through strategic acquisitions, which can drive future growth.

8 (Good)",,"2,533.05 (14 august 2023)",(11 september 2023),"2,533.05","2,474.40",-58.65,NO
RELIANCE INDUSTRIES LTD.,Reliance Jio to government: Achieved 5G rollout obligations in all circles,2023-08-03,2023-08-03,1,TRUE,"YES

Hold the stocks for 7 days.

This headline is good for the stock price of Reliance Industries in the short term as it indicates that they have met their 5G rollout obligations, which could lead to positive investor sentiment and potential growth.

7 (Good)",,"2,485.00 (4 august 2023)","2,548.00 (11 august 2023)","2,485","2,548",63,YES
RELIANCE INDUSTRIES LTD.,"Reliance launches cheapest internet-enabled phone in India, JioBharat phone",2023-07-03,2023-07-03,1,TRUE,"YES

Hold the stocks for 90 days.

This headline is good for the stock price of Reliance Industries in the short term as it indicates the company's efforts to expand its customer base and increase market penetration by offering an affordable internet-enabled phone in a price-sensitive market like India.

8 (Good)",,(4 july 2023),(2 october 2023),,,0,
RELIANCE INDUSTRIES LTD.,Reliance suspends gas auction after change in marketing rules,2023-01-16,2023-01-16,-1,TRUE,"NO


This headline is bad for the stock price of Reliance Industries in the short term as it suggests uncertainty and potential disruptions in their gas auction business due to changes in marketing rules.

3 (Bad)",,,,,,0,
RELIANCE INDUSTRIES LTD.,Reliance to commission new gas condensate field by year-end,2022-10-24,2022-10-24,1,TRUE,"YES

Hold the stocks for 90 days.

This headline is good for the stock price of Reliance Industries in the short term as the commissioning of a new gas condensate field indicates potential revenue growth and positive developments in their energy business.

7 (Good)",,"2,498.00 (25 october 2022)","2,429.60 (23 january 2023)","2,498.00","2,429.60",-68.40,NO
RELIANCE INDUSTRIES LTD.,Reliance Retail collaborates with NBA to sell merchandise in India,2022-10-12,2022-10-12,1,TRUE,"YES

Hold the stocks for 90 days.

This headline is good for the stock price of Reliance Industries in the short term as it indicates a collaboration with NBA, which can boost revenue through merchandise sales and enhance brand visibility.

7 (Good)",,"2,375.80 (13 october 2022)","2,525.50 (11 january 2023)","2,375.80","2,525.50",149.70,YES
RELIANCE INDUSTRIES LTD.,"Reliance Brands forays into food & beverage space, signs franchise pact with Pret A Manger",2022-06-30,2022-06-30,1,TRUE,"YES

Hold the stocks for 90 days.

This headline is good for the stock price of Reliance Industries in the short term as it signifies their entry into the food and beverage space through a franchise agreement, which can diversify their revenue streams and attract investors.

8 (Good)",,"2,580.00 (1 july 2022)","2,325.30 (29 september 2022)","2,580.00","2,325.30",-254.70,NO
RELIANCE INDUSTRIES LTD.,Reliance picks up majority stake in homegrown designer label Abu Jani Sandeep Khosla,2022-04-20,2022-04-20,1,TRUE,"YES

Hold the stocks for 180 days.

This headline is good for the stock price of Reliance Industries in the short term as it signifies their investment in a homegrown designer label, which can diversify their retail portfolio and potentially attract high-end customers.

7 (Good)",,"2,759.00 (21 april 2022)","2,450.55 (18 october 2022)","2,759.00","2,450.55",-308.45,NO
RELIANCE INDUSTRIES LTD.,"Reliance invests Rs 1,670 crore to set up EMS venture in Chennai with Sanmina",2022-03-04,2022-03-04,1,TRUE,"YES

Hold the stocks for 90 days.

This headline is good for the stock price of Reliance Industries in the short term as it demonstrates their commitment to expanding their presence in the electronic manufacturing sector, which can be viewed positively by investors looking for diversification and growth opportunities.

7 (Good)",,"2,296.00 (7 march 2022)","2,766.90 (5 june 2022)","2,296.00","2,766.90",470.90,YES
RELIANCE INDUSTRIES LTD.,Reliance to invest $220 million in Sanmina JV in electronics manufacturing push,2022-03-03,2022-03-03,1,TRUE,"YES

Hold the stocks for 180 days.

This headline is good for the stock price of Reliance Industries in the short term as it reflects their commitment to expanding their presence in electronics manufacturing, which can lead to increased revenue and market opportunities.

8 (Good)",,"2,355.00 (4 march 2022)","2,560.20 (1 september 2022)","2,355.00","2,560.20",205.20,YES
RELIANCE INDUSTRIES LTD.,Reliance moves in to take charge of Future Retail,2022-02-26,2022-02-26,1,TRUE,"YES

Hold the stocks for 60 days.

This headline is good for the stock price of Reliance Industries in the short term as it indicates their move to take charge of Future Retail, which can provide strategic advantages and growth opportunities in the retail sector.

7 (Good)",,"2,247.05 (28 february 2022)"," 2,819.20(28 april 2022)","2,247.05","2,819.20",572.15,YES
RELIANCE INDUSTRIES LTD.,Reliance Jio to land multi-terabit IAX undersea cable system in Maldives,2022-02-21,2022-02-21,1,TRUE,"YES

Hold the stocks for 180 days.

This headline is good for the stock price of Reliance Industries in the short term as it signifies their involvement in a significant infrastructure project, which can enhance their global connectivity and revenue potential.

8 (Good)",,"2,352.00 (22 february 2022)","2,606.70 (22 august 2022)","2,352.00","2,606.70",254.70,YES
RELIANCE INDUSTRIES LTD.,Reliance delays 21-day crude unit shutdown to September,2022-02-17,2022-02-17,1,TRUE,"YES

Hold the stocks for 30 days.

This headline is good for the stock price of Reliance Industries in the short term as the delay in the crude unit shutdown allows for continued production and potentially better financial performance in the immediate future.

6 (Good)",,"2,418.00 (18 february 2022)","2,467.15 (21 march 2022)","2,418.00","2,467.15",49.15,YES
RELIANCE INDUSTRIES LTD.,"Sebi bars Reliance Home Finance, Anil Ambani, 3 others from securities market",2022-02-11,2022-02-11,-1,TRUE,"NO

Hold the stocks for 60 days.

This headline is bad for the stock price of Reliance Industries in the short term as it indicates regulatory action against a subsidiary (Reliance Home Finance) and associated individuals, which can negatively impact investor sentiment.

4 (Bad)",,,,,,0,
RELIANCE INDUSTRIES LTD.,Withdrawal of Reliance Industries Limited from business deal with Saudi Aramco: Role of NCLT,2022-01-22,2022-01-22,-1,TRUE,"NO

Hold the stocks for 30 days.

This headline is bad for the stock price of Reliance Industries in the short term as it suggests that the withdrawal from a business deal with Saudi Aramco could have negative implications, leading to uncertainty among investors.

3 (Bad)",,,,,,0,
RELIANCE INDUSTRIES LTD.,Reliance buys New York's luxury hotel Mandarin Oriental for $98.15 million,2022-01-08,2022-01-08,1,TRUE,"YES

Hold the stocks for 180 days.

This headline is good for the stock price of Reliance Industries in the short term as it signifies their investment in the luxury hospitality sector, which can enhance their diversification and potential revenue streams.

8 (Good)",,"2,453.95 (10 january 2022)","2,391.50 (8 july 2022)","2,453.95","2,391.50",-62.45,NO
RELIANCE INDUSTRIES LTD.,RIL buys UK hi-tech battery company Faradion for its $10 billion new energy empire,2021-12-31,2021-12-31,1,TRUE,"YES

Hold the stocks for 90 days.

This headline is good for the stock price of Reliance Industries in the short term as it indicates their expansion into the growing new energy sector through the acquisition of a hi-tech battery company, which can boost investor confidence in their long-term growth prospects.

9 (Good)",," 2,367.50 (3 january 2022)","2,654.45 (1 april 2022)","2,367.50","2,654.45",286.95,YES
RELIANCE INDUSTRIES LTD.,RBI initiates insolvency proceedings against Reliance Capital at NCLT,2021-12-02,2021-12-02,-1,TRUE,"NO

It's uncertain how long you should hold the stocks, but it's recommended to closely monitor the situation.

This headline is bad for the stock price of Reliance Industries in the short term, as RBI's initiation of insolvency proceedings against Reliance Capital could have negative implications for the broader Reliance Group and investor sentiment.

2 (Bad)",,,,,,0,
RELIANCE INDUSTRIES LTD.,Reliance to sell US shale gas assets,2021-11-08,2021-11-08,1,TRUE,"YES

Hold the stocks for 180 days.

This headline is good for the stock price of Reliance Industries in the short term as it signifies a strategic decision to sell US shale gas assets, which can lead to a potential increase in cash reserves and focus on more profitable ventures.

8 (Good)",,"2,502.00 (9 november 2021)","2,517.15 (9 may 2022)","2,502.00","2,517.15",15.15,YES
RELIANCE INDUSTRIES LTD.,Reliance buys REC Solar for $771 million,2021-10-10,2021-10-10,1,TRUE,"YES

Hold the stocks for 180 days.

This headline is good for the stock price of Reliance Industries in the short term as it signifies a strategic acquisition in the renewable energy sector, which can contribute positively to their long-term growth and sustainability.

8 (Good)",,"2,724.70 (11 october 2021)","2,609.80 (11 april 2022)","2,724.70","2,609.80",-114.90,NO
TATA CONSULTANCY SERVICES LTD.,Tata's Chairman promotes global MSME growth for economic advancement,2023-08-25,2023-08-25,1,TRUE,"YES

Hold the stocks for 180 days.

This headline is good for the stock price of TATA in the short term as it showcases their commitment to promoting global MSME (Micro, Small, and Medium Enterprises) growth, which can contribute to their long-term economic advancement and profitability.

9 (Good)",,(26 august 2023),(22 february 2024),,,0,
TATA CONSULTANCY SERVICES LTD.,Tata Consulting Engineers designed and engineered units of Chandrayaan 3 launch vehicle,2023-08-24,2023-08-24,1,TRUE,"YES

Hold the stocks for 90 days.

This headline is good for the stock price of TATA in the short term as it highlights their involvement in a prestigious project, which can enhance their reputation and potentially lead to more government and aerospace contracts.

8 (Good)",,(25 august 2023),(23 november 2023),,,0,
TATA CONSULTANCY SERVICES LTD.,Tata Group to reportedly manufacture iPhone 15 and iPhone 15 Plus in India,2023-05-15,2023-05-15,1,TRUE,"YES

Hold the stocks for 90 days.

This headline is good for the stock price of TATA in the short term as it signals their involvement in manufacturing iPhones in India, which can lead to increased revenue and positive investor sentiment due to their association with a prominent global brand.

8 (Good)",,"3,262.00 (16 may 2023)","3,449.85 (14 august 2023)","3,262.00","3,449.85",187.85,YES
TATA CONSULTANCY SERVICES LTD.,Tata partners IIT Hyderabad to develop Software Defined Vehicles,2023-05-08,2023-05-08,1,TRUE,"YES

Hold the stocks for 180 days.

This headline is good for the stock price of TATA in the short term as it signifies their collaboration with IIT Hyderabad to develop Software Defined Vehicles, which can enhance their innovation and technology portfolio, potentially attracting investors.

7 (Good)",,"3,247.00 (9 may 2023)",(5 november 2023),,,0,
TATA CONSULTANCY SERVICES LTD.,Tata Group expands in aviation Industry with Air India acquisition and Boeing-Airbus deal,2023-02-28,2023-02-28,1,TRUE,"YES

Hold the stocks for 180 days.

This headline is good for the stock price of TATA in the short term as it signifies their expansion in the aviation industry through the acquisition of Air India and a deal with Boeing and Airbus, which can lead to potential growth and synergies.

8 (Good)",,"3,326.50 (1 march 2023)","3,375.00 (28 august 2023)","3,326.50","3,375.00",48.50,YES
TATA CONSULTANCY SERVICES LTD.,"Tata Harrier, Safari to get new 1.5L turbo petrol engine showcased at Auto Expo 2023: Details",2023-01-15,2023-01-15,1,TRUE,"YES

Hold the stocks for 90 days.

This headline is good for the stock price of TATA in the short term as it highlights product innovation with the introduction of a new turbo petrol engine, which can attract customers and boost sales.

7 (Good)",,412.60 (16 january 2023),471.90 (17 april 2023),412.6,471.9,59.3,YES
TATA CONSULTANCY SERVICES LTD.,Tata's 'iPhone plant' deal likely to be sealed this fiscal year,2023-01-10,2023-01-10,1,TRUE,"YES

Hold the stocks for 120 days.

This headline is good for the stock price of TATA in the short term as the potential deal to establish an 'iPhone plant' indicates a significant business opportunity, which can boost investor confidence and drive the stock price higher.

8 (Good)",,"3,289.00 (11 january 2023)","3,281.50 (11 may 2023)","3,289.00","3,281.50",-7.50,NO
TATA CONSULTANCY SERVICES LTD.,Tata Motors partners with Oracle to improve cloud infrastructure,2022-12-20,2022-12-20,1,TRUE,"YES

Hold the stocks for 180 days.

This headline is good for the stock price of TATA in the short term as the partnership with Oracle to improve cloud infrastructure indicates a focus on technology and efficiency, potentially enhancing their operations and competitiveness.

8 (Good)",,412.00 (21 december 2022),468.95 (19 june 2023),412,468.95,56.95,YES
TATA CONSULTANCY SERVICES LTD.,Tata Motors to supply over 900 electric buses to Bengaluru Metropolitan Transport Corporation: Details,2022-12-17,2022-12-17,1,TRUE,"YES

Hold the stocks for 180 days.

This headline is good for the stock price of TATA in the short term as it signals a significant contract to supply electric buses, which can boost their revenue and strengthen their position in the electric vehicle market.

9 (Good)",,422.40 (19 december 2022),569.55 (16 june 2023),422.4,569.55,147.15,YES
TATA CONSULTANCY SERVICES LTD.,Tatas & Singapore Airlines agree to merge Vistara into Air India by March 2024,2022-11-29,2022-11-29,1,TRUE,"YES

Hold the stocks for 180 days.

This headline is good for the stock price of TATA in the short term as it signifies a strategic move to merge Vistara into Air India, which can lead to potential synergies and growth opportunities in the aviation industry.

8 (Good)",,520.55 (30 november 2022),521.25 (29 may 2023),520.55,521.25,0.7,YES
TATA CONSULTANCY SERVICES LTD.,"Tata Motors enters hydrogen mobility: To develop fuel-cells, BEVs and more with Cummins",2022-11-15,2022-11-15,1,TRUE,"YES

Hold the stocks for 180 days.

This headline is good for the stock price of TATA in the short term as it signifies their entry into hydrogen mobility and partnership with Cummins, which aligns with the trend toward sustainable transportation and can boost investor confidence.

9 (Good)",,437.90 (16 november 2022),530.80 (15 may 2023),437.9,530.8,92.9,YES
TATA MOTORS LTD.,Tata Motors team in Maharashtra to investigate ST bus fires,2022-11-09,2022-11-09,0,TRUE,"UNKNOWN

It's uncertain how this headline will directly impact the stock price of TATA in the short term, as it relates to a specific incident involving ST buses in Maharashtra. The outcome of the investigation may provide more clarity.

5 (Neutral)",,,,,,0,
TATA MOTORS LTD.,Tata-Airbus' C295 aircraft manufacturing facility to be 'big boost' for development of defence industrial complex,2022-10-29,2022-10-29,1,TRUE,"YES

Hold the stocks for 180 days.

This headline is good for the stock price of TATA in the short term as their partnership with Airbus for the C295 aircraft manufacturing facility is likely to positively impact their defense sector business and contribute to revenue growth.

8 (Good)",,520.55 (30 october 2022),521.25 (29 april 2023),520.55,521.25,0.7,YES
HDFC Bank Ltd,Sebi disposes of show cause notice issued to HDFC,2022-03-31,2022-03-31,1,TRUE,"YES

Hold the stocks for 30 days.

This headline is good for the stock price of HDFC Bank in the short term as the disposal of the show cause notice by Sebi removes a potential regulatory overhang and uncertainty.

7 (Good)",,"1,474.00  (1 april 2022)","1,403.10 (2 may 2022)","1,474.00","1,403.10",-70.90,NO
HDFC Bank Ltd,HDFC Bank to unveil ‘bank on wheels’,2022-12-23,2022-12-23,1,TRUE,"YES

Hold the stocks for 90 days.

This headline is good for the stock price of HDFC Bank in the short term as the introduction of a 'bank on wheels' can potentially expand their reach and services, attracting more customers and boosting revenue.

8 (Good)",,"1,591.00 (26 december 2022)","1,561.75 (24 march 2023)","1,591.00","1,561.75",-29.25,no
HDFC Bank Ltd,HDFC to sell 10% stake in HDFC Capital to ADIA,2022-04-20,2022-04-20,1,TRUE,"YES

Hold the stocks for 180 days.

This headline is good for the stock price of HDFC Bank in the short term as the sale of a stake to ADIA can lead to increased liquidity and potentially enhance the bank's financial position.

7 (Good)",,"1,364.90 (21 april 2022)","1,444.15 (18 october 2022)","1,364.90","1,444.15",79.25,yes
HDFC Bank Ltd,HDFC raises home loan interest rates,2022-05-08,2022-05-08,-1,TRUE,"NO

Hold the stocks for 60 days.

This headline is bad for the stock price of HDFC Bank in the short term as it indicates an increase in home loan interest rates, which can potentially reduce demand for housing loans and impact the bank's profitability.

4 (Bad)",,,,,,0,
HDFC Bank Ltd,HDFC Bank to launch revamped PayZapp,2022-10-17,2022-10-17,1,TRUE,"YES

Hold the stocks for 90 days.

This headline is good for the stock price of HDFC Bank in the short term as the launch of a revamped PayZapp can enhance their digital payment services, attract more users, and potentially boost revenue.

7 (Good)",,"1,452.00 (18 october 2022)","1,585.25 (16 january 2023)","1,452.00","1,585.25",133.25,yes
HDFC Bank Ltd,HDFC Bank shares rise as central bank lifts curbs on digital ops,2022-03-14,2022-03-14,1,TRUE,"YES

Hold the stocks for 60 days.

This headline is good for the stock price of HDFC Bank in the short term as the removal of curbs on digital operations by the central bank can lead to increased digital transactions and potentially higher profitability.

8 (Good)",,"1,411.00 (14 march 2022)","1,290.95 (13 may 2022)","1,411.00","1,290.95",-120.05,no
HDFC Bank Ltd,Merger of HDFC entities to increase M&A prominence among banks: Fitch,2022-04-12,2022-04-12,1,TRUE,"YES

Hold the stocks for 180 days.

This headline is good for the stock price of HDFC Bank in the short term as the merger of HDFC entities is expected to increase their prominence in mergers and acquisitions within the banking sector, potentially attracting investor interest.

7 (Good)",,"1,492.90 (13 april 2022)","1,415.50 (10 october 2022)","1,492.90","1,415.50",-77.40,no
HDFC Bank Ltd,HDFC Bank to acquire 9.94% stake in Go Digit Life Insurance,2022-08-25,2022-08-25,1,TRUE,"YES

Hold the stocks for 120 days.

This headline is good for the stock price of HDFC Bank in the short term as the acquisition of a stake in Go Digit Life Insurance can diversify their portfolio and potentially lead to increased revenue.

8 (Good)",,"1,468.25 (26 august 2022)","1,628.15 (26 december 2022)","1,468.25","1,628.15",159.90,yes
HINDUSTAN UNILEVER LTD.,"HUL board approves hike in royalty, central services fees to Unilever",2023-01-19,2023-01-19,-1,TRUE,"NO


This headline is bad for the stock price of Hindustan Unilever in the short term as it signals an increase in royalty and central services fees to Unilever, which can impact the company's profitability.

3 (Bad)",,,,,,0,
HINDUSTAN UNILEVER LTD.,HUL CEO will have role in Indonesia too,2022-07-01,2022-07-01,0,TRUE,"UNKNOWN

Hold the stocks for 60 days.

The impact of this headline on the stock price of Hindustan Unilever in the short term is uncertain as it depends on the specific role and responsibilities of the CEO in Indonesia and how it may affect the company's operations.

5 (Neutral)",,,,,,0,
HINDUSTAN UNILEVER LTD.,Extend tax sops for new manufacturing units: HUL CEO Sanjiv Mehta,2022-12-17,2022-12-17,1,TRUE,"YES

Hold the stocks for 90 days.

This headline is good for the stock price of Hindustan Unilever in the short term as it suggests that the CEO is advocating for tax incentives for new manufacturing units, which can potentially benefit the company's operations and growth.

8 (Good)",,"2,671.00 (19 december 2022)","2,463.20 (21 march 2023)","2,671.00","2,463.20",-207.80,no
HINDUSTAN UNILEVER LTD.,Need MGNREGA-like scheme for urban poor: HUL chief,2022-01-24,2022-01-24,0,TRUE,"UNKNOWN

Hold the stocks for 30 days.

The impact of this headline on the stock price of Hindustan Unilever in the short term is uncertain as it depends on the government's response to the call for a scheme for the urban poor and how it may affect the company's business.

5 (Neutral)",,,,,,0,
HINDUSTAN UNILEVER LTD.,Maharashtra cabinet clears path for HUL to launch bakery operations near Aarey,2023-01-11,2023-01-11,1,TRUE,"YES

Hold the stocks for 60 days.

This headline is good news for the stock price of Hindustan Unilever in the short term as it indicates that the Maharashtra cabinet has cleared the path for the company to launch bakery operations near Aarey, which can lead to potential business expansion and increased revenue.

7 (Good)",,"2,586.00 (12 january 2023)","2,452.90 (13 march 2023)","2,586.00","2,452.90",-133.10,no
HINDUSTAN UNILEVER LTD.,HUL buys stakes in two wellness brands for Rs 334cr,2022-12-09,2022-12-09,1,TRUE,"YES

Hold the stocks for 180 days.

This headline is good news for the stock price of Hindustan Unilever in the short term as it indicates the company's investment in wellness brands, which can diversify its product portfolio and potentially boost revenue.

9 (Very Good)",,"2,675.05 (12 december 2022)","2,679.85 (8 june 2023)","2,675.05","2,679.85",4.80,yes
HINDUSTAN UNILEVER LTD.,Mehta retains top position at HUL as Unilever rejigs business model,2022-01-26,2022-01-26,1,TRUE,"YES

Hold the stocks for 90 days.

This headline is good news for the stock price of Hindustan Unilever in the short term as it signifies stability and continuity in the company's leadership, which can instill confidence among investors.

7 (Good)",,"2,410.00 (27 january 2022)","2,144.25 (27 april 2022)","2,410.00","2,144.25",-265.75,no
INFOSYS LTD.,Infosys announces 5-year deal with European telecom company: Order value and other details,2023-08-16,2023-08-16,1,TRUE,"YES

Hold the stocks for 180 days.

This headline is good news for the stock price of Infosys in the short term as it indicates a significant business deal that can boost the company's revenue and reputation.

8 (Good)",,(17 august 2023),(13 february 2024),,,0,
INFOSYS LTD.,SEBI sends 'warning letter' to Infosys on updation delay,2023-08-10,2023-08-10,-1,TRUE,"NO

Hold the stocks for 30 days.

This headline is bad news for the stock price of Infosys in the short term as it suggests regulatory scrutiny and potential concerns regarding the company's compliance, which can impact investor confidence.

3 (Bad)",,,,,,0,
INFOSYS LTD.,Infosys Becomes Digital Innovation Partner for International Tennis Hall of Fame and Title Sponsor of the hall of fame open,2022-03-10,2022-03-10,1,TRUE,"YES

Hold the stocks for 60 days.

This headline is good news for the stock price of Infosys in the short term, as it indicates a strategic partnership that can enhance the company's brand visibility and potentially lead to new business opportunities.

8 (Good)",,"1,814.00 (11 march 2022)","1,553.60 (10 may 2022)","1,814.00","1,553.60",-260.40,no
INFOSYS LTD.,"Infosys does not support dual employment, have fired violators in last 12 months: Salil Parekh",2022-10-13,2022-10-13,1,TRUE,"YES

Hold the stocks for 30 days.

This headline is good news for the stock price of Infosys in the short term, as it demonstrates the company's commitment to ethical practices and employee discipline, which can enhance its reputation.

7 (Good)",,"1,487.70 (14 october 2022)","1,584.00 (14 november 2022)","1,487.70","1,584.00",96.30,no
INFOSYS LTD.,Infosys plays down Russia ties after UK finance chief grilled,2022-03-25,2022-03-25,0,TRUE,"UNKNOWN

Hold the stocks for 15 days.

This headline could have varying impacts on Infosys' stock price in the short term, as it depends on the extent of its ties with Russia and the market's perception of those ties.

5 (Neutral)",,,,,,0,
INFOSYS LTD.,Infosys reimagines career mobility for employees,2022-09-27,2022-09-27,1,TRUE,"YES

Hold the stocks for 30 days.

This headline is likely to be viewed positively by investors, indicating that Infosys is taking steps to enhance career opportunities for its employees, which can improve morale and productivity.

8 (Good)",,"1,381.90 (28 september 2022)","1,512.60 (28 october 2022)","1,381.90","1,512.60",130.70,no
INFOSYS LTD.,Infosys president Ravi Kumar S resigns after 20 years with firm,2022-10-12,2022-10-12,0,TRUE,"UNKNOWN

It's uncertain how the market will react to the resignation of Infosys president Ravi Kumar S in the short term. Investors may need more information about the reasons behind the resignation and its potential impact on the company.

5 (Neutral)",,,,,,0,
INFOSYS LTD.,Situation in Ukraine hasn't impacted demand among European clients: Infosys CEO,2022-04-19T07:00:00Z,2022-04-19,1,TRUE,"YES
Hold for 7 days.
This headline is good news for Infosys, with a score of 8, as it indicates that the situation in Ukraine hasn't affected the demand from European clients, which could positively impact the stock in the short term.",,"1,575.00 (20 april 2022)","1,553.20 (27 april 2022)","1,575.00","1,553.20",-21.80,no
INFOSYS LTD.,"PM hails Infosys, Sudha Murthy for service to humanity",2021-10-22T07:00:00Z,2021-10-22,0,TRUE,"UNKNOWN
Hold for 3 days.
The headline regarding praise from the Prime Minister for Infosys and Sudha Murthy's service to humanity may have some positive sentiment, but its direct impact on Infosys stock in the short term is uncertain and would require further analysis. It could potentially have a slight positive influence, but the magnitude is uncertain. Therefore, the score is 5 on the scale of 1 to 10.",,,,,,0,
INFOSYS LTD.,Infosys CEO signals M&A ramp-up as economic outlook brightens,2023-01-20T08:00:00Z,2023-01-20,1,TRUE,"YES
Hold for 90 days.
This headline is good news for Infosys in the short term, with a score of 9, as it suggests that the CEO's signal of a merger and acquisition ramp-up amid a brighter economic outlook could boost investor confidence and drive stock price growth over the next few months.",,"1,534.00 (23 january 2023)","1,227.45 (21 april 2023)","1,534.00","1,227.45",-306.55,no
INFOSYS LTD.,"Govt mulls extending April GST payment deadline, ask Infosys to fix glitch on portal",2022-05-17T07:00:00Z,2022-05-17,-1,TRUE,"NO
Hold for 7 days.
This headline is bad news for Infosys in the short term, with a score of 3, as it indicates that the government is considering extending the GST payment deadline due to glitches on Infosys' portal, which could lead to financial uncertainties and potential reputational damage for the company in the near term.",,,,,,0,
INFOSYS LTD.,Former US hiring executive sues Infosys over biases,2022-10-07T07:00:00Z,2022-10-07,-1,TRUE,"NO
Hold for 30 days.
This headline is bad news for Infosys in the short term, with a score of 4, as a lawsuit alleging biases in hiring practices can lead to legal challenges and potential damage to the company's reputation, which may negatively impact its stock price over the next month.",,,,,,0,
INFOSYS LTD.,Infosys opens Sweden base in Nordic push,2022-12-06T08:00:00Z,2022-12-06,1,TRUE,"YES
Hold for 90 days.
This headline is good news for Infosys in the short term, with a score of 7, as it indicates the company's expansion into Sweden as part of its Nordic push, which can potentially open up new revenue opportunities and positively impact the stock price over the next three months.",,"1,612.95 (7 december 2022)","1,492.50 (8 march 2023)","1,612.95","1,492.50",-120.45,no
INFOSYS LTD.,Safe Security and Infosys collaborate for cybersecurity solution,2022-01-27T08:00:00Z,2022-01-27,1,TRUE,"YES
Hold for 180 days.
This headline is good news for Infosys in the short term, with a score of 8, as collaboration with Safe Security for a cybersecurity solution can enhance Infosys' portfolio and potentially attract more clients, positively impacting the stock price over the next six months.",,"1,685.00 (28 january 2022)","1,471.20 (27 july 2022)","1,685.00","1,471.20",-213.80,no
ITC LTD.,ITC reaffirms commitment to ramp up interventions in climate smart agriculture,2022-12-23T08:00:00Z,2022-12-23,0,TRUE,"UNKNOWN

It's uncertain how this news will specifically impact ITC's stock price in the short term.

Rating: 5 (Neutral)",,,,,,0,
ITC LTD.,ITC Sunfeast unveils new milk biscuit with focus on TN market,2022-12-21T08:00:00Z,2022-12-21,1,TRUE,"YES

You should consider holding ITC stocks for approximately 30 days.

Rating: 7 (Good)",,335.00 (22 december 2022),337.60 (23 january 2023),335,337.6,2.6,yes
ITC LTD.,Impact of inadvertent or wrongful ineligible ITC claims in Table 4 of GSTR-3B,2022-10-04T07:00:00Z,2022-10-04,0,TRUE,"UNKNOWN

It's uncertain how the impact of inadvertent or wrongful ineligible ITC claims in Table 4 of GSTR-3B will affect ITC's stock price in the short term.

Rating: 3 (Neutral)",,,,,,0,
ITC LTD.,ITC Hotels signs up 5 more ‘Storii’ properties,2022-09-21T07:00:00Z,2022-09-21,0,TRUE,"UNKNOWN
Hold for 7 days.
The impact of this news on the stock price of ITC in the short term is uncertain as it relates to ITC Hotels, which is a subsidiary of ITC Limited but may not have an immediate and direct impact on the overall company's performance.",,,,,,0,
ITC LTD.,ITC takes nutrition-first approach with ‘Help India Eat Better’ framework,2022-09-20T07:00:00Z,2022-09-20,1,TRUE,"YES
Hold for 30 days.
This headline is likely to be perceived positively by investors as it suggests that ITC is adopting a nutrition-first approach, which can enhance its image and potentially lead to increased consumer trust and demand for its products. I would rate this as a 9 out of 10 in terms of positive impact on ITC's stock price in the short term.",,306.00 (12 august 2022),330.80 (12 september 2022),306,330.8,24.8,yes
ITC LTD.,"ITC to invest 1,000 crore in Gujarat",2022-08-11T07:00:00Z,2022-08-11,1,TRUE,"YES
Hold for 90 days.
This headline is good news for ITC in the short term, as the significant investment in Gujarat can potentially lead to business expansion and growth opportunities. I would rate it as an 8 out of 10 in terms of positive impact on ITC's stock price in the short term.",,313.10 (11 august 2022),360.50 (9 november 2022),313.1,360.5,47.4,yes
ITC LTD.,Metal company director held in 7cr ITC fraud,2022-07-29T07:00:00Z,2022-07-29,-1,TRUE,"NO
Avoid buying ITC stock in the short term.
This headline is bad news for ITC's stock price in the short term, as it indicates a fraud case involving a metal company director and a significant financial loss for ITC. I would rate this as a 2 out of 10 in terms of negative impact on ITC's stock price.",,,,,,0,
ITC LTD.,MGST department arrests Kurla businessman in connection with ITC scam,2022-07-21T07:00:00Z,2022-07-21,-1,TRUE,"NO
Avoid buying ITC stock in the short term.
This headline is bad news for ITC's stock price in the short term, as it indicates legal trouble and a potential scam involving the company. I would rate this as a 3 out of 10 in terms of negative impact on ITC's stock price.",,,,,,0,
ITC LTD.,"ITC bets on ‘sixth sense’ of visually impaired, hires 60",2022-07-19T07:00:00Z,2022-07-19,1,TRUE,"YES
Hold for 30 days.
This headline is good news for ITC in the short term as it highlights a positive initiative by the company, which can improve its reputation and potentially lead to positive public sentiment and stock price growth. I would rate this as a 7 out of 10 in terms of positive impact on ITC's stock price in the short term.",,295.80 (20 july 2022),312.20 (19 august 2022),295.8,312.2,16.4,yes
ITC LTD.,ITC Hotels eyes foreign shores beyond Sri Lanka,2022-07-16T07:00:00Z,2022-07-16,1,TRUE,"YES
Hold for 60 days.
This headline is good news for ITC in the short term as it suggests the company's expansion plans into foreign markets, which can potentially lead to growth opportunities and increased investor optimism. I would rate this as a 8 out of 10 in terms of positive impact on ITC's stock price in the short term.",,294.50 (18 july 2022),310.50 (16 august 2022),294.5,310.5,16,yes
ITC LTD.,ITC goes beyond plastic neutrality,2022-04-06T07:00:00Z,2022-04-06,1,TRUE,"YES
Hold for 60 days.
This headline is good news for ITC in the short term as it signifies the company's commitment to sustainability and eco-friendly practices, which can enhance its reputation and potentially attract environmentally conscious investors. I would rate this as a 7 out of 10 in terms of positive impact on ITC's stock price in the short term",,259.00 (7 april 2022),(6 june 2022),259,274.65,15.65,yes
ITC LTD.,ITC buys 16% in ayurvedic personal care brand Mother Sparsh,2021-11-27T08:00:00Z,2021-11-27,1,TRUE,"YES
Hold for 90 days.
This headline is good news for ITC in the short term as it signifies the company's strategic investment in a growing segment, which can potentially lead to increased revenue and market share. I would rate this as an 8 out of 10 in terms of positive impact on ITC's stock price in the short term.",,339.30 (28 november 2022),382.15 (27 february 2023),339.3,382.15,42.85,yes
STATE BANK OF INDIA,"SBI board approves raising Rs 10,000 crore capital via bonds",2022-12-14T08:00:00Z,2022-12-14,1,TRUE,"YES
Hold for 180 days.
This headline is good news for the stock price of State Bank of India in the short term as it signifies the bank's efforts to strengthen its capital position, which can enhance its financial stability and growth prospects. I would rate this as a 9 out of 10 in terms of positive impact on SBI's stock price in the short term.",,625.00 (15 december 2022),576.40 (13 june 2023),625,576.4,-48.6,no
STATE BANK OF INDIA,"SBI may put off sale of stakes in arms, Yes Bank",2022-07-18T07:00:00Z,2022-07-18,0,TRUE,"UNKNOWN
Hold for 30 days.
The impact of this news on the stock price of State Bank of India in the short term is uncertain, as it depends on the bank's specific strategy and the reasons behind delaying the sale of stakes in its subsidiaries and Yes Bank. A rating cannot be provided without more context.",,,,,,0,
STATE BANK OF INDIA,"Realty fraud: ‘Colluded with builder’, SBI officials booked in Ghaziabad",2022-03-05T08:00:00Z,2022-03-05,-1,TRUE,"NO
Avoid buying State Bank of India stock in the short term.
This headline is bad news for the stock price of State Bank of India in the short term, as it involves allegations of collusion with a builder in a realty fraud case, which could damage the bank's reputation and potentially lead to legal and financial consequences. I would rate this as a 3 out of 10 in terms of negative impact on SBI's stock price.",,,,,,0,
STATE BANK OF INDIA,SBI stops handling trade with sanctioned Russian entities: Sources,2022-02-28T08:00:00Z,2022-02-28,1,TRUE,"YES
Hold for 45 days.
This headline is good news for the stock price of State Bank of India in the short term as it demonstrates the bank's compliance with international sanctions, which can enhance its reputation and trustworthiness among investors. I would rate this as a 7 out of 10 in terms of positive impact on SBI's stock price.",,479.70 (2 march 2022),509.40 (18 april 2022),479.7,509.4,29.7,y
STATE BANK OF INDIA,Madras HC rebukes SBI for its 'administrative arrogance',2021-11-14T08:00:00Z,2021-11-14,-1,TRUE,"NO
Avoid buying State Bank of India stock in the short term.
This headline is bad news for the stock price of State Bank of India in the short term, as it indicates negative scrutiny and criticism from the Madras High Court, which can lead to reputation damage and potential legal implications. I would rate this as a 2 out of 10 in terms of negative impact on SBI's stock price.",,,,,,0,
BHARTI AIRTEL LTD.,"Airtel prepays deferred liabilities of Rs 8,024 crores",2023-07-31T07:00:00Z,2023-07-31,1,TRUE,"YES
Hold for 7 days.
This headline is good for Bharti Airtel as it demonstrates responsible financial management and reduces long-term liabilities, which can positively impact the stock price in the short term.
8",,890.65 (1 august 2023),884.85 (8 august 2023),890.65,884.85,-5.8,n
BHARTI AIRTEL LTD.,Airtel partners with Ministry of Education to power ed-tech platform DIKSHA,2023-06-08T07:00:00Z,2023-06-08,1,TRUE,"YES
Hold for 30 days.
This headline is good for Bharti Airtel in the short term as partnering with the Ministry of Education for an ed-tech platform can open up new revenue streams and enhance their market position in the growing education technology sector.
8",,836.05 (9 june 2023),885.85 (10 july 2023),836.05,885.85,49.8,y
BHARTI AIRTEL LTD.,Google to invest up to $1 billion in Airtel,2022-01-28T08:00:00Z,2022-01-28,1,TRUE,"YES
Hold for 90 days.
This headline is good for the stock price of Bharti Airtel in the short term as Google's substantial investment can boost the company's financial stability and potential for growth in the telecommunications sector.
9",,730.25 (31 january 2022),739.70 (29 april 2022),730.25,739.7,9.45,y
BHARTI AIRTEL LTD.,Airtel partners with Hughes Communication to offer satellite broadband services in India,2022-01-05T08:00:00Z,2022-01-05,1,TRUE,"YES
Hold for 180 days.
This headline is good for the stock price of Bharti Airtel in the short term as it signifies the company's efforts to diversify its services and tap into the growing demand for broadband connectivity in India, which can boost its revenue streams.
8",,701.10 (6 january 2022),684.30 (5 july 2022),701.1,684.3,-16.8,n
BAJAJ (all),TMB ties up with Bajaj Allianz Life Insurance,2022-12-09T08:00:00Z,2022-12-09,1,TRUE,"YES
Hold for 30 days.
This headline is generally positive for the stock price of Bajaj in the short term as the tie-up with Bajaj Allianz Life Insurance can potentially create synergies and expand the company's market reach, increasing investor confidence.
7",,"6,496.05 (12 december 2022)","5,993.80 (9 january 2023)","6,496.05","5,993.80",-502.25,n
BAJAJ (all),Bajaj Hindusthan faces SBI’s insolvency plea,2022-08-17T07:00:00Z,2022-08-17,-1,TRUE,"NO
The stock price of Bajaj is likely to face negative pressure in the short term due to the insolvency plea from SBI, leading to uncertainty and potential financial challenges.
3",,,,,,0,
BAJAJ (all),"Uncertainty due to the war, supply chain disruptions delaying investments pick up: Sanjiv Bajaj",2022-05-18T07:00:00Z,2022-05-18,-1,TRUE,"NO
Given the uncertainty caused by the war and supply chain disruptions, the stock price of Bajaj may face headwinds in the short term as investors are likely to adopt a cautious stance.
4",,,,,,0,
BAJAJ (all),Rahul Bajaj's Deep-Rooted Ties With Wardha,2022-02-13T08:00:00Z,2022-02-13,0,TRUE,"UNKNOWN
The headline does not provide clear financial or business information that can be directly linked to the stock price of Bajaj in the short term.
5 (Neutral)",,,,,,0,
Life Insurance Corporation of India,Woman dies under suspicious circumstances at LIC quarters in Andhra Pradesh | Visakhapatnam News - Times of India,2023-08-25T15:17:00Z,2023-08-25,0,TRUE,"UNKNOWN

It is unclear how this specific incident would directly impact the stock price of Life Insurance Corporation of India in the short term.

Rating: 2 (Neutral)",,,,,,0,
Life Insurance Corporation of India,LIC’s unclaimed money can fund 2 Gaganyaans,2022-05-11T07:00:00Z,2022-05-11,1,TRUE,"YES

You should hold the stocks for 30 days.

This headline is generally positive as it suggests that Life Insurance Corporation of India has the potential to allocate unclaimed money for a significant project, which may boost investor confidence.

Rating: 8 (Good)",,867.20 (17 may 2022),668.20 (13 june 2022),867.2,668.2,-199,n
LARSEN & TOUBRO LTD.,"Defence ministry signs contract with HAL, L&T for aircraft and ships",2023-03-07T08:00:00Z,2023-03-07,1,TRUE,"YES

You should hold the stocks for 90 days.

This headline is generally positive for Larsen & Toubro as it indicates a contract with the defense ministry, which can lead to increased revenue and stability in the short term.

Rating: 9 (Very Good)",,"2,143.05 (8 march 2023)","2,277.40 (6 june 2023)","2,143.05","2,277.40",134.35,y
LARSEN & TOUBRO LTD.,L&T buys Japan-based Chiyoda's entire stake in JV LTC for Rs 75 cr,2022-11-22T08:00:00Z,2022-11-22,1,TRUE,"YES

You should hold the stocks for 180 days.

This headline is generally positive for Larsen & Toubro as it indicates the acquisition of a stake in a joint venture, which can lead to increased control and potential benefits in the long term.

Rating: 7 (Good)",,"2,040.00 (23 november 2022)","2,216.55 (22 may 2023)","2,040.00","2,216.55",176.55,y
LARSEN & TOUBRO LTD.,L&T expected to get work order to execute Mallige suburban rail line,2022-03-22T07:00:00Z,2022-03-22,1,TRUE,"YES

You should hold the stocks for 120 days.

This headline is generally positive for Larsen & Toubro as it suggests the potential for a new project, which can boost the company's revenue and stock price in the short term.

Rating: 8 (Good)",,"1,780.00 (23 march 2022)","1,765.15 (21 july 2022)","1,780.00","1,765.15",-14.85,n
LARSEN & TOUBRO LTD.,L&T Infotech and IIT Madras partner for 5G innovation,2022-01-27T08:00:00Z,2022-01-27,1,TRUE,"YES

You should hold the stocks for 90 days.

This headline is generally positive for Larsen & Toubro as it indicates a partnership for 5G innovation, which can have a favorable impact on the company's stock price in the short term.

Rating: 7 (Good)",,"1,913.55 (28 january 2022)","1,718.15 (28 april 2022)","1,913.55","1,718.15",-195.40,n
LARSEN & TOUBRO LTD.,L&T Infotech opens new facility in Hyderabad,2021-12-15T08:00:00Z,2021-12-15,1,TRUE,"YES

You should hold the stocks for 60 days.

This headline is generally positive for Larsen & Toubro as it signifies expansion and investment, which can boost the company's stock price in the short term.

Rating: 6 (Slightly Good)",,"1,869.80 (15 december 2021)","1,799.00 (14 februray 2022)","1,869.80","1,799.00",-70.80,n
LARSEN & TOUBRO LTD.,"L&T, Renew tie up for green hydrogen",2021-12-03T08:00:00Z,2021-12-03,1,TRUE,"YES

You should hold the stocks for 180 days.

This headline is generally positive for Larsen & Toubro as it signifies a partnership for green hydrogen, aligning with sustainability trends, which can have a favorable impact on the company's stock price in the short term.

Rating: 9 (Very Good)",,"1,800.00(6 december 2021)","1,637.75 (2 june 2022)","1,800.00","1,637.75",-162.25,n
KOTAK MAHINDRA BANK LTD.,No merger with Kotak: Federal Bank,2022-09-06T07:00:00Z,2022-09-06,-1,TRUE,"NO

You should hold the stocks for 30 days.

This headline is generally negative for Kotak Mahindra Bank in the short term as it dispels merger rumors, which might have driven stock price speculation.

Rating: 3 (Bad)",,,,,,0,
KOTAK MAHINDRA BANK LTD.,"Kotak Mahindra Bank receives approval for collection of direct, indirect taxes",2021-10-04T07:00:00Z,2021-10-04,1,TRUE,"YES

You should hold the stocks for 90 days.

This headline is generally positive for Kotak Mahindra Bank as it signifies a new revenue stream and governmental trust, which can have a favorable impact on the company's stock price in the short term.

Rating: 8 (Good)",,"2,008.85 (5 october 2021)","1,823.95 (3 january 2022)","2,008.85","1,823.95",-184.90,n
HCL TECHNOLOGIES LTD.,HCL Foundation partners with TN Commissionerate of Employment and Training,2023-01-17T08:00:00Z,2023-01-17,1,TRUE,"YES

You should hold the stocks for 180 days.

This headline is generally positive for HCL Tech as it suggests a partnership with a government body, which can lead to potential contracts and increased business in the short term.

Rating: 7 (Good)",,"1,111.00 (18 january 2023)","1,153.65 (17 july 2023)","1,111.00","1,153.65",42.65,y
HCL TECHNOLOGIES LTD.,HCL commits $15mn for freshwater conservation,2022-05-25T07:00:00Z,2022-05-25,1,TRUE,"YES

You should hold the stocks for 90 days.

This headline is generally positive for HCL Tech as it highlights the company's commitment to freshwater conservation, which can enhance its corporate image and potentially have a positive impact on the stock price in the short term.

Rating: 8 (Good)",,975.00 (26 may 2022),945.80 (24 august 2022),975,945.8,-29.2,n
HCL TECHNOLOGIES LTD.,HCL to hire 1.5k employees for Mihan unit by 2024,2022-05-11T07:00:00Z,2022-05-11,1,TRUE,"YES

You should hold the stocks for 180 days.

This headline is generally positive for HCL Tech as it signals expansion and job creation, which can lead to increased business activities and potentially have a positive impact on the stock price in the short term.

Rating: 7 (Good)",,"1,056.60 (12 may 2022)","1,052.90 (9 november 2022)","1,056.60","1,052.90",-3.70,n
HCL TECHNOLOGIES LTD.,"HCL asks exiting staffers to return bonus, draws ire",2022-01-10T08:00:00Z,2022-01-10,-1,TRUE,"NO

You should hold the stocks for 30 days.

This headline is generally negative for HCL Tech as it indicates controversy and potential reputational damage, which can have a negative impact on the stock price in the short term.

Rating: 3 (Bad)",,,,,,0,
HCL TECHNOLOGIES LTD.,US think tank report claims H-1B fraud by HCL,2021-12-10T08:00:00Z,2021-12-10,-1,TRUE,"NO

You should hold the stocks for 60 days.

This headline is generally negative for HCL Tech as it suggests allegations of H-1B visa fraud, which can lead to legal and reputational challenges affecting the stock price in the short term.

Rating: 4 (Negative)",,,,,,0,
ASIAN PAINTS LTD.,"India's Paint and Decor Giant, Asian Paints Congratulates New Brand Ambassador, PV Sindhu",2022-08-09T07:00:00Z,2022-08-09,1,TRUE,"YES

You should hold the stocks for 90 days.

This headline is generally positive for Asian Paints as it highlights a partnership with a prominent brand ambassador, potentially boosting the company's brand image and sales in the short term.

Rating: 8 (Good)",,"3,460.00 (10 august 2022)","3,087.10 (8 november 2022)","3,460.00","3,087.10",-372.90,n
AXIS BANK LTD.,Bain to sell Rs 3.4k cr stake in Axis Bank,2022-11-01T07:00:00Z,2022-11-01,-1,TRUE,"NO

You should hold the stocks for 30 days.

This headline is generally negative for Axis Bank as it indicates a large stake sale by a major investor, which may create short-term uncertainty and negatively impact the stock price.

Rating: 3 (Bad)",,,,,,0,
AXIS BANK LTD.,Axis Bank draws roadmap for biz expansion in UP,2022-08-06T07:00:00Z,2022-08-06,1,TRUE,"YES

You should hold the stocks for 180 days.

This headline is generally positive for Axis Bank as it outlines plans for business expansion, potentially leading to increased revenue and a positive impact on the stock price in the short term.

Rating: 8 (Good)",,733.50 (8 august 2022),882.75 (3 february 2023),733.50,882.75,149.25,y
MARUTI SUZUKI INDIA LTD.,Maruti starts export of Grand Vitara from Kamarajar Port in Chennai,2023-01-20T08:00:00Z,2023-01-20,0,TRUE,"UNKNOWN

The impact of Maruti Suzuki starting the export of Grand Vitara from Kamarajar Port in Chennai on the stock price is uncertain, as it depends on various factors such as demand, competition, and market conditions.",,,,,,0,
MARUTI SUZUKI INDIA LTD.,"After Maruti, Toyota recalls 1,400 units of Glanza and Urban Cruiser Hyryder over possible airbag defect",2023-01-19T08:00:00Z,2023-01-19,-1,TRUE,"NO

The recall of 1,400 units of Glanza and Urban Cruiser Hyryder by Toyota, following Maruti's recall, is bad news for Maruti Suzuki's stock price in the short term.

On a scale of 1 to 10, this headline would rate as a 6 in terms of being bad for Maruti Suzuki's stock price in the short term, as recalls can negatively impact investor confidence and raise concerns about product quality.",,,,,,0,
MARUTI SUZUKI INDIA LTD.,Maruti Suzuki cars now costlier by 1.1 percent: All details,2023-01-17T08:00:00Z,2023-01-17,-1,TRUE,"NO

The increase in the cost of Maruti Suzuki cars by 1.1 percent is bad news for the stock price of Maruti Suzuki in the short term, as higher prices could potentially reduce sales and profitability.

On a scale of 1 to 10, this headline would rate as a 5 in terms of being bad for Maruti Suzuki's stock price in the short term, as it reflects a modest price increase that may not have a severe immediate impact.",,,,,,0,
MARUTI SUZUKI INDIA LTD.,Honda ties up with Maruti Suzuki Toyotsu to offer one-stop vehicle scrapping solution: Pilot city details,2022-11-28T08:00:00Z,2022-11-28,1,TRUE,"YES

You should hold the stocks for 120 days.

This headline is generally positive for Maruti Suzuki as it signifies a strategic partnership for vehicle scrapping, which can lead to increased business opportunities and potentially have a positive impact on the stock price in the short term.

Rating: 7 (Good)",,"8,985.00 (29 november 2022)","8,289.35 (29 march 2023)","8,985.00","8,289.35",-695.65,n
MARUTI SUZUKI INDIA LTD.,Maruti Suzuki recalls nearly 10k cars to fix brake defect,2022-10-31T07:00:00Z,2022-10-31,-1,TRUE,"NO

You should hold the stocks for 30 days.

This headline is generally negative for Maruti Suzuki as it indicates a significant recall due to a brake defect, which can lead to short-term financial costs and potential reputational damage, negatively impacting the stock price.

Rating: 3 (Bad)",,,,,,0,
MARUTI SUZUKI INDIA LTD.,Maruti to look into rear seat belt alarm,2022-09-08T07:00:00Z,2022-09-08,1,TRUE,"YES

You should hold the stocks for 90 days.

This headline is generally positive for Maruti Suzuki as it indicates the company's commitment to safety and compliance, which can enhance its reputation and potentially have a positive impact on the stock price in the short term.

Rating: 7 (Good)",,"8,834.95 (9 september 2022)",(8 december 2022),"8,834.95","8,682.25",-152.70,n
MARUTI SUZUKI INDIA LTD.,Maruti invests Rs 2 cr in AI startup Sociograph Solutions,2022-06-17T07:00:00Z,2022-06-17,1,TRUE,"YES

You should hold the stocks for 180 days.

This headline is generally positive for Maruti Suzuki as it indicates investment in an AI startup, potentially leading to technological advancements and innovation that can have a favorable impact on the stock price in the short term.

Rating: 8 (Good)",,"7,690.95 (20 june 2022)",(15 december 2022),"7,690.95","8,584.00",893.05,y
ADANI (all),Gautam Adani: Navi Mumbai Airport to be ready by December 2024,2023-07-19T07:00:00Z,2023-07-19,1,TRUE,"YES (Hold for 90 days)
This headline is good news for the stock price of Adani in the short term, as the completion of the Navi Mumbai Airport project by December 2024 suggests progress in a major infrastructure endeavor, which can positively impact investor sentiment. On a scale of 1 to 10, I would rate this headline as a 9 in terms of its positive impact on Adani's stock price in the short term.",,(20 july 2023),(18 october 2023),,,0,
ADANI (all),"Hindenburg report aimed at damaging our image', says Gautam Adani in Annual General Meeting 2023",2023-07-18T07:00:00Z,2023-07-18,0,TRUE,"UNKNOWN (Hold for 30 days)
The impact of Gautam Adani's response to the Hindenburg report on Adani's stock price in the short term is uncertain, as it depends on the contents of the report, the response's effectiveness, and market sentiment, which require further analysis. On a scale of 1 to 10, I would rate this headline as a 5 in terms of its potential impact on Adani's stock price in the short term.",,,,,,0,
ADANI (all),Corruption allegations surface: Bhagwant Mann accuses Modi government of favouritism towards Adani,2023-07-02T07:00:00Z,2023-07-02,-1,TRUE,"NO (Hold for 90 days)
This headline is bad news for the stock price of Adani in the short term, as corruption allegations and accusations of favoritism can create uncertainty and negatively impact investor confidence. On a scale of 1 to 10, I would rate this headline as a 3 in terms of its negative impact on Adani's stock price in the short term.",,,,,,0,
ADANI (all),Odisha train tragedy: Adani group promises to take care of school education of kids who lost their parents,2023-06-04T07:00:00Z,2023-06-04,0,TRUE,"UNKNOWN
Hold for 30 days
While the Adani Group's commitment to supporting the education of children affected by the tragedy is a positive social initiative, its direct impact on Maruti Suzuki's stock price in the short term is uncertain. Holding for 30 days allows for assessing any potential market response. On a scale of 1 to 10, I would rate the headline as a 5, as its influence on Maruti Suzuki's stock price may be limited, primarily focusing on social responsibility.",,,,,,0,
ADANI (all),"Adani Group to spin off hydrogen, airports, data centre businesses by 2028: CFO",2023-01-22T08:00:00Z,2023-01-22,1,TRUE,"YES (Hold for 180 days)
This headline is good news for the stock price of Adani in the short term, as it suggests a strategic move to spin off businesses in potentially high-growth sectors, which can attract investor interest. On a scale of 1 to 10, I would rate this headline as a 8 in terms of its positive impact on Adani's stock price in the short term.",,"3,454.75 (23 janury 2023)","2,418.35 (24 july 2023)","3,454.75","2,418.35","-1,036.40",n
ADANI (all),"In a first, Adani to deploy hydrogen-powered trucks",2023-01-18T08:00:00Z,2023-01-18,1,TRUE,"YES
Hold for 60 days
Good news. Adani's decision to deploy hydrogen-powered trucks signifies a significant move towards sustainability and innovation, potentially positively impacting Adani's stock price in the short term. I would rate this headline as an 8 on a scale of 1 to 10 for its positive short-term potential. Holding the stocks for approximately 60 days allows for potential market reactions and gains resulting from this innovative initiative.",,(19 january 2023),(20 march 2023),"2,088.85",848.75,"-1,240.10",n
ADANI (all),"Adani Group bags Dharavi redevelop project with a Rs 5,069 crore bid",2022-11-29T08:00:00Z,2022-11-29,1,TRUE,"YES
Hold for 30 days
Good news. Winning the Dharavi redevelopment project with a substantial bid reflects Adani Group's strategic expansion, potentially positively impacting Adani's stock price in the short term. I would rate this headline as a 9 on a scale of 1 to 10 for its strong positive short-term potential. Holding the stocks for about 30 days allows for potential market reactions and gains driven by this significant project win.",,(30 november 2022),(30 december 2022),"3,908.95","3,859.35",-49.60,n
ADANI (all),Google takes on lease 4.64 lakh square feet space at Adani data centre in Noida,2022-10-11T07:00:00Z,2022-10-11,1,TRUE,"YES
Hold for 30 days
Good news. Google leasing space at Adani's data center in Noida signifies a valuable business partnership and may have a positive impact on Adani's stock price in the short term. I would rate this headline as a 9 on a scale of 1 to 10 for its strong positive short-term potential. Holding the stocks for approximately 30 days allows for potential market reactions and gains resulting from this partnership.",,(12 october 2022),(11 november 2022),"3,310.00","4,008.70",698.70,y
ADANI (all),"Adani Group to invest Rs 41,000 crore to set up alumina refinery in Odisha’s Kashipur",2022-08-11T07:00:00Z,2022-08-11,1,TRUE,"YES
Hold for 90 days
Good news. Adani Group's substantial investment in setting up an alumina refinery in Odisha's Kashipur signals a major expansion, potentially positively impacting Adani's stock price in the short term. I would rate this headline as a 9 on a scale of 1 to 10 for its strong positive short-term potential. Holding the stocks for approximately 90 days allows for potential market reactions and gains resulting from this significant investment.",,(12 august 2022),(10 november 2022),"2,845.95","3,992.90","1,146.95",y
ADANI (all),"Adani buys Macquarie’s toll roads for Rs 3,110 crore",2022-08-05T07:00:00Z,2022-08-05,1,TRUE,"YES
Hold for 60 days
Good news. Adani's acquisition of Macquarie's toll roads indicates strategic expansion and could positively impact Adani's stock price in the short term. I would rate this headline as an 8 on a scale of 1 to 10 for its positive short-term potential. Holding the stocks for approximately 60 days allows for potential market reactions and gains resulting from this acquisition.",,(8 august 2022),(6 october 2022),"2,698.00","3,285.90",587.90,y
ADANI (all),Adani Enterprises to set up hyper-scale data centre park at Bengal Silicon Valley: Report,2022-06-06T07:00:00Z,2022-06-06,0,TRUE,"UNKNOWN

The impact of this news on Adani's stock price in the short term depends on various factors, including the market's perception of the project's potential profitability and its alignment with Adani's overall business strategy. It is advisable to monitor the stock for the next few weeks to assess investor sentiment and market reactions.",,,,,,0,
ADANI (all),Adani wins key coal tender as India acts to avoid energy crisis,2022-01-05T08:00:00Z,2022-01-05,1,TRUE,"YES
Hold for at least 30 days.
Adani's win in the coal tender reflects positively on their short-term stock outlook due to increased stability in the energy sector.",,(6 january 2022),(7 february 2022),"1,707.00","1,731.75",24.75,y
ADANI (all),Adani buys 20% stake in Cleartrip,2021-10-30T07:00:00Z,2021-10-30,0,TRUE,"UNKNOWN

The impact of Adani's acquisition of a 20% stake in Cleartrip on their short-term stock price is uncertain, as it depends on various factors like the acquisition price and how it aligns with Adani's overall strategy.",,,,,,0,
Titan Company Limited,Titan Company Ventures into a New Lifestyle Category with the Launch of IRTH Bags,2022-10-21T07:00:00Z,2022-10-21,0,TRUE,"UNKNOWN
The impact of Titan Company's venture into the new lifestyle category with IRTH Bags on their short-term stock price is uncertain, as it depends on consumer response and the success of this diversification strategy.",,,,,,0,
Titan Company Limited,Titan Eye+ Launches Titan Ultima: the Best-in-class Progressive Lens,2022-08-23T07:00:00Z,2022-08-23,1,TRUE,"YES
Hold for at least 90 days.
The launch of Titan Ultima by Titan Eye+ is likely to have a positive impact on the short-term stock price, as it indicates the potential for increased revenue and market competitiveness in the eyewear segment.",,(24 august 2022),(22 november 2022),"2,490.50","2,606.10",115.60,y
ULTRATECH CEMENT LTD.,Green nod for Ultratech’s two mining sites quashed,2022-02-24T08:00:00Z,2022-02-24,-1,TRUE,"NO
The revocation of the green nod for UltraTech Cement's two mining sites is likely to have a negative impact on the short-term stock price due to potential disruptions in their mining operations and increased regulatory challenges.",,,,,,0,
Oil and Natural Gas Corporation Ltd,"ONGC says Kalol blast not its fault, pipeline was not in use",2021-10-06T07:00:00Z,2021-10-06,0,TRUE,"UNKNOWN
The impact of ONGC's statement regarding the Kalol blast on its short-term stock price is uncertain, as it depends on how the situation evolves and any potential legal or operational ramifications.",,,,,,0,
WIPRO LTD.,Wipro Gallagher sells its stake in Wipro Opus Risk Solutions,2022-12-22T08:00:00Z,2022-12-22,1,TRUE,"YES
Hold for at least 30 days.
Wipro's sale of its stake in Wipro Opus Risk Solutions is likely to have a positive impact on the short-term stock price, as it can lead to increased focus on core operations and potential value creation for shareholders.",,(23 december 2022),(22 january 2023),383.3,406.85,23.55,y
NTPC LTD.,NTPC’s 1980MW North Karanpura plant ready,2023-01-19T08:00:00Z,2023-01-19,1,TRUE,"YES
Hold for at least 90 days.
The completion of NTPC's 1980MW North Karanpura plant is likely to have a positive impact on the short-term stock price, as it signifies increased capacity and potential for higher revenue generation.",,(20 january 2023),(22 april 2023),170.1,174.05,3.95,y
NTPC LTD.,"Massive fire in Delhi's NTPC eco park, no injuries reported",2023-01-19T08:00:00Z,2023-01-19,-1,TRUE,"NO
The news of a massive fire in Delhi's NTPC eco park, even with no reported injuries, is likely to have a negative impact on the short-term stock price due to potential damage to infrastructure and operational disruptions.",,,,,,0,
NTPC LTD.,NTPC’s project raises eyebrows as Joshimath nears Doom,2023-01-18T08:00:00Z,2023-01-18,-1,TRUE,"NO
The headline about NTPC's project raising concerns near Joshimath is likely to have a negative impact on the short-term stock price, as it suggests potential issues and uncertainties surrounding the project, which could affect NTPC's financial performance and reputation.",,,,,,0,
NTPC LTD.,NTPC going nuclear as focus shifts on small reactors in climate fight,2022-12-08T08:00:00Z,2022-12-08,1,TRUE,"YES
Hold for at least 180 days.
NTPC's shift towards small nuclear reactors as part of the climate fight is likely to have a positive impact on the short-term stock price, as it reflects a commitment to sustainable energy solutions and potential growth in this sector.",,(9 december 2022),(9 january 2023),171,170.35,-0.65,n
NTPC LTD.,Bio-methane plant set up at NTPC’s Sikri site,2022-05-31T07:00:00Z,2022-05-31,1,TRUE,"YES
Hold for at least 60 days.
The establishment of a bio-methane plant at NTPC's Sikri site is likely to have a positive impact on the short-term stock price, as it represents a move towards renewable energy and potential revenue diversification.",,(1 june 2022),(31 july 2022),156.05,156.6,0.55,y
NTPC LTD.,"NTPC contradicts Delhi govt remark on coal, power cuts",2022-04-30T07:00:00Z,2022-04-30,0,TRUE,"UNKNOWN
The impact of NTPC's contradiction of the Delhi government's remark on coal and power cuts on their short-term stock price is uncertain, as it depends on the resolution of the dispute and its potential consequences on the company's operations.",,,,,,0,
MAHINDRA & MAHINDRA LTD.,"Maharashtra approves Mahindra & Mahindra proposal to set up Rs 10,000-cr EV plant in Pune",2023-01-19T08:00:00Z,2023-01-19,1,TRUE,"YES
Hold for at least 180 days.
The approval of Mahindra & Mahindra's proposal to establish a Rs 10,000-crore EV plant in Pune is likely to have a positive impact on the short-term stock price, indicating a strategic move into the growing electric vehicle market and potential future revenue streams.",,(20 january 2023),(19 july 2023),"1,320.20","1,543.70",223.50,y
JSW STEEL LTD.,"JSW Group mulls foray into EVs, to manufacture 4-wheelers",2023-01-01T08:00:00Z,2023-01-01,1,TRUE,"YES
Hold for at least 90 days.
JSW Group's consideration of entering the electric vehicle market and manufacturing 4-wheelers is likely to have a positive impact on the short-term stock price, as it represents potential diversification and growth opportunities in a promising industry.",,(2 january 2023),(2 april 2023),768.1,682.2,-85.9,n
JSW STEEL LTD.,JSW Steel says scrapping export tax helps competing globally,2022-11-21T08:00:00Z,2022-11-21,1,TRUE,"YES
Hold for at least 60 days.
JSW Steel's statement about the scrapping of export tax benefiting their ability to compete globally is likely to have a positive impact on the short-term stock price, as it can lead to increased exports and improved competitiveness in international markets.",,(22 november 2022),(30 july 2023),696.2,785.95,89.75,y
JSW STEEL LTD.,JSW to appeal CCI clean chit to Asian Paints,2022-09-16T07:00:00Z,2022-09-16,0,TRUE,"UNKNOWN
The impact of JSW Steel's decision to appeal the CCI clean chit to Asian Paints on their short-term stock price is uncertain, as it depends on the outcome of the appeal and potential legal developments.",,,,,,0,
JSW STEEL LTD.,JSW Steel to maintain shipments to Europe without passing on cost of new export tax,2022-05-30T07:00:00Z,2022-05-30,1,TRUE,"YES
Hold for at least 90 days.
JSW Steel's decision to maintain shipments to Europe without passing on the cost of the new export tax is likely to have a positive impact on the short-term stock price, as it demonstrates the company's commitment to its European market and customer base.",,(31 may 2022),(29 august 2022),536.8,649.45,112.65,y
JSW STEEL LTD.,SBI acquires minority stake in JSW Cement for Rs 100 crore,2021-12-21T08:00:00Z,2021-12-21,1,TRUE,"YES
Hold for at least 180 days.
SBI's acquisition of a minority stake in JSW Cement for Rs 100 crore is likely to have a positive impact on the short-term stock price of JSW Steel, as it indicates financial backing and potential synergies in the cement industry.",,(22 december 2021),(20 june 2022),654.4,550.45,-103.95,n
COAL INDIA LTD.,"CIL, unions agree on 19% wage hike for non-exec staff",2023-01-04T08:00:00Z,2023-01-04,1,TRUE,"YES
Hold for at least 60 days.
The agreement between CIL and unions on a 19% wage hike for non-executive staff is likely to have a positive impact on the short-term stock price of Coal India, as it can boost employee morale and potentially lead to improved productivity and stability in the company.",,(5 january 2023),(6 march 2023),218,224.85,6.85,y
COAL INDIA LTD.,Indonesian company beats Adani in CIL coal import tender,2022-07-07T07:00:00Z,2022-07-07,-1,TRUE,"NO
The headline indicating that an Indonesian company beat Adani in a Coal India coal import tender is likely to have a negative impact on the short-term stock price of Coal India, as it may raise concerns about the company's competitiveness and potential revenue losses.",,,,,,0,
COAL INDIA LTD.,CIL coal import: Bid validity pruned to 60 days as bidders cite volatility,2022-06-21T07:00:00Z,2022-06-21,0,TRUE,"UNKNOWN
The impact of the reduction in bid validity for CIL coal imports to 60 days due to bidder concerns about volatility on the short-term stock price of Coal India is uncertain, as it depends on how this change affects the company's operations and contracts.",,,,,,0,
COAL INDIA LTD.,"For the first time, CIL invites bids for importing coal",2022-06-10T07:00:00Z,2022-06-10,0,TRUE,"UNKNOWN
The impact of Coal India's decision to invite bids for importing coal for the first time on their short-term stock price is uncertain, as it depends on the outcome of the bidding process and the strategic implications for the company.",,,,,,0,
Hindustan Aeronautics Ltd,HAL plans new runway parallel to existing facility at Nashik airport,2022-12-09T08:00:00Z,2022-12-09,1,TRUE,"YES
Hold for at least 120 days.
Hindustan Aeronautics' plan to build a new runway parallel to its existing facility at Nashik airport is likely to have a positive impact on the short-term stock price, as it indicates potential expansion and increased production capacity.",,(12 december 2022),(9 april 2023),"2,726.80","2,816.75",89.95,y
Hindustan Aeronautics Ltd,HAL turns down NMPML proposal to allow buses to enter airport terminal,2021-11-23T08:00:00Z,2021-11-23,0,TRUE,"UNKNOWN
The impact of HAL's decision to reject the proposal allowing buses to enter the airport terminal on the short-term stock price of Hindustan Aeronautics is uncertain, as it depends on the specific reasons behind the decision and any potential consequences for the company's operations.",,,,,,0,
INDIAN OIL CORPORATION LTD.,Automobile lubricants doorstep delivery: Indian Oil partners with FuelBuddy,2022-12-20T08:00:00Z,2022-12-20,1,TRUE,"YES
Hold for at least 90 days.
Indian Oil Corporation's partnership with FuelBuddy to offer automobile lubricants doorstep delivery is likely to have a positive impact on the short-term stock price, as it opens up new revenue channels and enhances customer convenience",,(21 december 2022),(21 march 2023),77.55,79.51,1.96,y
INDIAN OIL CORPORATION LTD.,Indian Oil to up EV charging stations to 24 in next 2 yrs,2022-12-03T08:00:00Z,2022-12-03,1,TRUE,"YES
Hold for at least 180 days.
Indian Oil Corporation's plan to increase EV charging stations to 24 in the next 2 years is likely to have a positive impact on the short-term stock price, signaling their commitment to the growing electric vehicle market and potential revenue growth from EV-related services.",,(4 december 2022),(2 june 2023),77,89.81,12.81,y
INDIAN OIL CORPORATION LTD.,IndianOil becomes retail business partners for Dabur LPG distributions to sell FMCG products,2022-02-23T08:00:00Z,2022-02-23,1,TRUE,"YES
Hold for at least 90 days.
Indian Oil Corporation's partnership with Dabur for retailing FMCG products through LPG distribution channels is likely to have a positive impact on the short-term stock price, as it opens up new revenue streams and enhances customer engagement.",,(24 febraury 2022),(25 may 2022),114.25,114.85,0.6,y
INDIAN OIL CORPORATION LTD.,"IOC pays Rs 2,424 crore as dividend tranche to govt",2021-11-25T08:00:00Z,2021-11-25,0,TRUE,"UNKNOWN
The impact of Indian Oil Corporation paying Rs 2,424 crore as a dividend tranche to the government on the short-term stock price is uncertain, as it depends on various factors, including the company's financial performance and market conditions.",,,,,,0,
INDIAN OIL CORPORATION LTD.,Two workers die in LPG tank at IOCL plant in Madhya Pradesh after ‘fall’,2021-10-15T07:00:00Z,2021-10-15,-1,TRUE,"NO
The news of two workers dying in an LPG tank accident at an IOCL plant in Madhya Pradesh is likely to have a negative impact on the short-term stock price of Indian Oil Corporation, as it may raise safety concerns and lead to potential disruptions in operations.",,,,,,0,
BRITANNIA INDUSTRIES LTD.,Britannia acquires controlling stake in Kenya's Kenafric Biscuits,2022-10-06T07:00:00Z,2022-10-06,1,TRUE,"YES
Hold for at least 180 days.
Britannia Industries' acquisition of a controlling stake in Kenya's Kenafric Biscuits is likely to have a positive impact on the short-term stock price, as it opens up new market opportunities and revenue streams in Africa.",,(7 october 2022),(5 april 2023),"3,798.95","4,328.25",529.30,y
BRITANNIA INDUSTRIES LTD.,Britannia Industries unveils 'Marie Gold Jeera' to serve regional customers in TN,2022-04-24T07:00:00Z,2022-04-24,1,TRUE,"YES
Hold for at least 90 days.
Britannia Industries' introduction of 'Marie Gold Jeera' to cater to regional customers in Tamil Nadu is likely to have a positive impact on the short-term stock price, as it demonstrates the company's commitment to customization and potential for increased market share in the region.",,(25 april 2022),(24 july 2022),"3,301.00","3,885.30",584.30,y
InterGlobe Aviation Ltd,IndiGo looking at 'wet leasing' planes to meet travel demand,2022-11-04T07:00:00Z,2022-11-04,1,TRUE,"YES
Hold for at least 90 days.
IndiGo's consideration of 'wet leasing' planes to meet increased travel demand is likely to have a positive impact on the short-term stock price of InterGlobe Enterprises, as it demonstrates adaptability and potential revenue growth in a recovering aviation industry.",,(7 november 2022),(3 february 2023),"1,774.45","2,098.55",324.10,y
InterGlobe Aviation Ltd,IndiGo weighs charging fliers for checked bags as market heats up,2021-11-17T08:00:00Z,2021-11-17,1,TRUE,"YES
Hold for at least 180 days.
IndiGo's consideration of charging passengers for checked bags amid increased competition in the airline market is likely to have a positive impact on the short-term stock price of InterGlobe Enterprises, as it suggests potential for improved profitability and revenue generation.",,(18 november 2021),(17 may 2022),"2,344.00","1,681.00",-663.00,n
Zomato Ltd,Alibaba to sell Zomato shares worth $200 million via block deal: Report,2022-11-29T08:00:00Z,2022-11-29,-1,TRUE,"NO
Alibaba's plan to sell Zomato shares worth $200 million via a block deal is likely to have a negative impact on the short-term stock price, as it may raise concerns about the company's ownership structure and potential market sentiment.",,,,,,0,
GAIL (INDIA) LTD.,GAIL to enter gas liquefaction for retail sales,2022-06-22T07:00:00Z,2022-06-22,1,TRUE,"YES
Hold for at least 180 days.
GAIL's decision to enter gas liquefaction for retail sales is likely to have a positive impact on the short-term stock price, as it signals diversification and potential revenue growth in the liquefied natural gas (LNG) market.",,(23 june 2022),(20 december 2022),133.3,97.8,-35.5,n
BHARAT PETROLEUM CORPORATION LTD.,Govt to decide on re-initiating BPCL sale after reviewing situation in due course: Finance ministry,2022-08-08T07:00:00Z,2022-08-08,0,TRUE,"UNKNOWN
The impact of the government's decision on re-initiating the sale of BPCL after reviewing the situation is uncertain, and its effect on the short-term stock price depends on the outcome of the review and any related developments.",,,,,,0,
BHARAT PETROLEUM CORPORATION LTD.,"Gujarat: 56,000 litres of diesel leaks out from BPCL pipeline at Kandla",2022-05-24T07:00:00Z,2022-05-24,-1,TRUE,"NO
The news of a significant diesel leak from a BPCL pipeline in Gujarat is likely to have a negative impact on the short-term stock price of Bharat Petroleum, as it raises environmental and operational concerns.",,,,,,0,
BHARAT PETROLEUM CORPORATION LTD.,BPCL sets up new polymer technology plant,2022-01-11T08:00:00Z,2022-01-11,1,TRUE,"YES
Hold for at least 90 days.
BPCL's establishment of a new polymer technology plant is likely to have a positive impact on the short-term stock price, as it represents potential growth in the company's product offerings and revenue streams.",,(12 january 2022),(12 april 2022),393,380.75,-12.25,n
BHARAT PETROLEUM CORPORATION LTD.,BPCL moves HC after RMC seeks Rs 30L in property tax,2021-12-28T08:00:00Z,2021-12-28,-1,TRUE,"UNKNOWN
The impact of BPCL's move to the High Court after RMC's demand for Rs 30 lakh in property tax on the short-term stock price is uncertain and depends on the outcome of the legal proceedings and potential financial implications.",,,,,,0,
BHARAT PETROLEUM CORPORATION LTD.,Bharat Petroleum Corporation Limited Announces Appointment of Five Independent Directors on Board,2021-12-01T08:00:00Z,2021-12-01,1,TRUE,"YES
Hold for at least 90 days.
The appointment of five independent directors on the board of Bharat Petroleum Corporation Limited is likely to have a positive impact on the short-term stock price, as it enhances corporate governance and fosters investor confidence in the company's management.",,(2 december 2021),(2 march 2022),371.8,342.1,-29.7,n
,,,,,,,,,TOTAL =,"184,098.40","184,977.62",879.22,